id;first_name;last_name;name;role;email;contact_number;extension;location;address_line_1;address_line_2;city;country;image;image_content_type
1;Darien;Hegmann;firewall uniform withdrawal;Berkshire e-enable Producer;"~bU;}i@Wd.%%x|sa";deposit;Islands;Unbranded end-to-end Table;Innovative Botswana bluetooth;Fantastic Organized Surinam;West Anaishaven;Australia;../fake-data/blob/hipster.png;image/png
2;Hollie;Crist;architect;bypassing Chair;"sPl@r.lZ_Ozb";paradigms;time-frame capacitor Expanded;uniform Underpass;Generic B2B Groves;Buckinghamshire;Harryburgh;Ukraine;../fake-data/blob/hipster.png;image/png
4;Ezra;Ruecker;Georgia generating JBOD;drive Small Dakota;"q0`tka@;[D/x:.E";Garden Steel Forint;transmit circuit Music;transmit Plastic mobile;Minnesota Berkshire;Shirt Home;Gussiefurt;Syrian Arab Republic;../fake-data/blob/hipster.png;image/png
5;Jaden;Collier;system strategic Investment;Open-architected compressing;"H`IR@9`A>Q>.mw";Avon indexing;Frozen quantify USB;Loan;Walk protocol core;Courts Automated;Rickview;Malaysia;../fake-data/blob/hipster.png;image/png
6;Darlene;Lowe;bandwidth Chair;gold;"*v|P@^L^A^l.k)GIc";viral navigating;Tools deliver;multi-byte;fuchsia;parsing Manager array;West Garth;American Samoa;../fake-data/blob/hipster.png;image/png
7;Duane;Quitzon;software Innovative;Regional indexing scale;"^w'@\.S-58AL";Squares Sports;interface;Forward cross-platform;Fish;Supervisor indexing parsing;Pocatello;Micronesia;../fake-data/blob/hipster.png;image/png
8;Filomena;Luettgen;orange;Robust;"n{@M;\`.:jMlB";Investment;magenta backing Kids;Technician multi-byte;vertical Credit;Lek Chair;Mayburgh;Aruba;../fake-data/blob/hipster.png;image/png
9;Carrie;Bogisich;bricks-and-clicks;connecting;"L#]@;=2.;+";Music;open-source International;cohesive;driver Indiana;ivory;Connside;Guinea;../fake-data/blob/hipster.png;image/png
10;Leatha;Ritchie;Tuna;Rhode;"lbK8Xk@v.[i)C";Operations high-level;CSS;Gorgeous Re-engineered Human;e-commerce groupware;support;Martinafurt;Tonga;../fake-data/blob/hipster.png;image/png
